Feature,Evaluation_Points,MAE,RMSE
pm25,81706,1.9280098176318767,2.8117310533741784
pm10,82146,2.6604544462080053,3.965873183396088
no2,81488,5.481377870483288,8.30212312915426
o3,82138,5.49848772064929,8.463844786377365
so2,82128,0.5240858102998058,0.9509273189971356
nox,76520,13.893732023648305,26.335951213881767
co,46323,3.5067662745075263,5.95465710424246
temperature,84162,0.25011289734876396,0.37337285067138526
relative_humidity,84296,1.4918020738712112,2.3090942867853763
wind_speed,84069,0.2987344213851547,0.4358659559496591
wind_direction,84344,12.304219906685997,37.62486793931859
pressure,83978,0.20627679131382623,0.27446235758216103
rainfall,84157,0.16715599019293303,0.7102222087670079
